"Module","ID","Type","Description"
"00_e2e_fullflow","E2E-1","Positive (E2E)","  E2E-1: Full Flow ??? Search Dealer ??? Asset Cart"
"06_productSelection","06A-1","Positive (E2E)","  06A-1: E2E ??? Product Selection ??? Select SAMYANG product ??? Proceed"
"06_productSelection","06A-2","Negative (E2E)","  06A-2 [Negative]: E2E ??? Product Selection ??? Loan exceeds Invoice ??? Validation"
"07_incomeDeclaration","07A-1","Positive (E2E)","  07A-1: E2E ? Income Declaration ? Declare income ? Proceed"
"07_incomeDeclaration","07A-2","Negative (E2E)","  07A-2 [Negative]: E2E ? Income Declaration ? Proceed without income ? Validation"
"08_kyc","08A-2","Negative (E2E)","  08A-2 [Negative]: E2E ? KYC ? Proceed without selecting document ? Validation"
"08_kyc","08A-3","Positive (E2E)","  08A-3: E2E ? KYC ? Complete E-KYC (System Issue)"
"08_kyc","08A-4","Positive (E2E)","  08A-4: E2E ? KYC ? Verify KYC screen elements"
"09_poi","09A-1","Positive (E2E)","  09A-1: E2E ? POI ? Fill Aadhaar details ? Proceed"
"09_poi","09A-2","Negative (E2E)","  09A-2 [Negative]: E2E ? POI ? Proceed without mandatory fields ? Validation"
"09_poi","09A-3","Positive (E2E)","  09A-3: E2E ? POI ? Fill POI with PAN card"
"09_poi","09A-4","Positive (E2E)","  09A-4: E2E ? POI ? Fill POI with Passport"
"09_poi","09A-5","Negative (E2E)","  09A-5 [Negative]: E2E ? POI ? Invalid Aadhaar format"
"09_poi","09A-6","Negative (E2E)","  09A-6 [Negative]: E2E ? POI ? Invalid PAN format"
"10_poa","10A-1","Positive (E2E)","  10A-1: E2E ? POA ? Fill Self Owned POA ? Proceed"
"10_poa","10A-2","Negative (E2E)","  10A-2 [Negative]: E2E ? POA ? Proceed without address ? Validation"
"10_poa","10A-3","Positive (E2E)","  10A-3: E2E ? POA ? Fill Rented POA ? Proceed"
"10_poa","10A-4","Negative (E2E)","  10A-4 [Negative]: E2E ? POA ? Invalid document number ? Validation"
"10_poa","10A-5","Positive (E2E)","  10A-5: E2E ? POA ? Verify Residence Types"
"11_surrogateDetails","E2E-1","Positive (E2E)","  E2E-1: Full flow ??? Surrogate ??? Credit Program + RSA = No ??? Check Approval"
"11_surrogateDetails","E2E-2","Positive (E2E)","  E2E-2: Full flow ??? Surrogate ??? RSA = FOS + Reject Reason ??? Check Approval"
"11_surrogateDetails","E2E-3","Positive (E2E)","  E2E-3: Full flow ??? Check Approval ??? Underwriting ??? Approval Details"
"11_surrogateDetails","11A-1","Positive (E2E)","  11A-1: E2E ??? Surrogate Details ??? Select credit program ??? Check Approval ??? View Approval Details"
"11_surrogateDetails","11A-2","Negative (E2E)","  11A-2 [Negative]: E2E ??? Surrogate Details ??? Check Approval without Credit Program ??? Validation"
"11_surrogateDetails","11A-3","Positive (E2E)","  11A-3: E2E ??? Surrogate Details ??? RSA = Dealer + Reject Reason ??? Check Approval"
"11_surrogateDetails","11A-4","Negative (E2E)","  11A-4 [Negative]: E2E ??? Surrogate Details ??? RSA = FOS without Reject Reason ??? Validation"
"11_surrogateDetails","11A-5","Negative (E2E)","  11A-5 [Negative]: E2E ??? Surrogate Details ??? Check Approval without Bank Name ??? Validation"
"12_approvalDetails","E2E-1","Positive (E2E)","E2E-1: Positive: Full flow ??? Approval Details ??? Proceed"
"12_approvalDetails","E2E-2","Negative (E2E)","E2E-2:Negative: Full flow ??? Approval Details ??? Verify None status behaviour"
"12_approvalDetails","E2E-3","Positive (E2E)","E2E-3: Positive: Full flow ??? Approval Details ??? Not Approved state ??? Proceed"
"12_approvalDetails","12A-1","Positive (E2E)","  12A-1: E2E ??? Approval Details ??? View details ??? Proceed"
"12_approvalDetails","12A-2","Negative (E2E)","  12A-2 [Negative]: E2E ??? Approval Details ??? Verify approval state is visible"
"12_approvalDetails","12A-3","Positive (E2E)","  12A-3: E2E ??? Approval Details ??? Not Approved state ??? Proceed"
"13_additionalDetails","E2E-1","Positive (E2E)","  E2E-1: Full flow ??? Additional Details ??? Fill Personal & Office Details ??? Proceed"
"13_additionalDetails","E2E-2","Negative (E2E)","  E2E-2 [Negative]: Full flow ??? Additional Details ??? Missing Time Horizon"
"13_additionalDetails","E2E-3","Negative (E2E)","  E2E-3 [Negative]: Full flow ??? Additional Details ??? Short Office Address"
"14_reappraisal","E2E-1","Negative (E2E)","E2E-1 [Negative]: Full flow ??? Reappraisal ??? Proceed without reason"
"14_reappraisal","E2E-2","Negative (E2E)","E2E-2 [Negative]: Full flow ??? Reappraisal ??? Only Reappraisal Reason"
"14_reappraisal","E2E-3","Negative (E2E)","E2E-3 [Negative]: Full flow ??? Reappraisal ??? Only FOS Reason"
"14_reappraisal","E2E-4","Positive (E2E)","E2E-4: Full flow ??? Reappraisal ??? Both reasons ??? Proceed"
"14_reappraisal","14A-1","Positive (E2E)","  14A-1: E2E ??? Reappraisal ??? Fill details ??? Proceed"
"14_reappraisal","14A-2","Negative (E2E)","  14A-2 [Negative]: E2E ??? Reappraisal ??? Missing required fields ??? Validation"
"14_reappraisal","14A-3","Negative (E2E)","  14A-3 [Negative]: E2E ??? Reappraisal ??? Only Reappraisal Reason"
"14_reappraisal","14A-4","Negative (E2E)","  14A-4 [Negative]: E2E ??? Reappraisal ??? Only FOS Reason"
"15_assetCart","E2E-1","Positive (E2E)","  E2E-1: Full flow ??? Asset Cart ??? Verify Opportunity ID and navigate"
"15_assetCart","E2E-2","Positive (E2E)","  E2E-2: Full flow ??? Asset Cart ??? Verify page loads correctly"
"15_assetCart","E2E-3","Positive (E2E)","  E2E-3: Full flow ??? Asset Cart ??? Click Change Scheme"
"15_assetCart","E2E-4","Positive (E2E)","  E2E-4: Full flow ??? Asset Cart ??? Cancel Opportunity"
"15_assetCart","E2E-C1","Positive (E2E)","  E2E-C1: Custom flow \u2192 PAN \u2192 Hamburger Asset Cart \u2192 Change Scheme \u2192 Finish"
"15_assetCart","E2E-S","Positive (E2E)","  /* E2E-Shortcut: Mobile Validation direct to Asset Cart"
"15_assetCart","15A-1","Positive (E2E)","  15A-1: E2E ??? Asset Cart ??? Expand opportunity ??? Change Scheme"
"15_assetCart","15A-2","Positive (E2E)","  15A-2: E2E ??? Asset Cart ??? Verify opportunity is listed"
"15_assetCart","15A-3","Positive (E2E)","  15A-3: E2E ??? Asset Cart ??? Click Opportunity ID ??? Verify navigation"
"15_assetCart","15A-4","Positive (E2E)","  15A-4: E2E ??? Asset Cart ??? Cancel Opportunity"
